{
    "rmse": 0.7756803293597397,
    "mae": 0.636934810857988,
    "r2": 0.04175828419233241
}