{
    "rmse": 0.7984361967291284,
    "mae": 0.6678884628670819,
    "r2": 0.04206409113943543
}